"ID"	"ID Hex"	"Name"	"Model Name"	"Load Condition"	
0	"0x0"	"EFF_Dmyx"			
1	"0x1"	"FF_STATUS_FIREx"	"efm_016_000"	"Any"	"Status Effect Fire"
2	"0x2"	"F_STATUS_SFIREx"	"efm_122"	"Any"	"Status Effect Big Bonfire"
3	"0x3"	"F_STATUS_SLEEPx"	"efm_416"	"Any"	"Status Effect Sleep"
4	"0x4"	"_STATUS_POISONx"	"efm_121"	"Any"	"Status Effect Poison"
5	"0x5"	"EFF_STATUS_ICEx"	"efm_040"	"Any"	"Status Effect Ice"
6	"0x6"	"STATUS_ICE_ENDx"			"Status Effect Ice Defrost"
7	"0x7"	"TC_UNIT_DELETEx"			
8	"0x8"	"ONBALLOON_TALKx"	"chat_0006"	"Any"	"Surprised face bubble speech (doi curse)"
9	"0x9"	"OON_BATTLEGATEx"	"chat_0007"	"Any"	"Battle gate icon bubble speech"
10	"0xA"	"ALLOON_OBERIKUx"	"chat_0008"	"Any"	"Mission obelisk icon bubble speech"
11	"0xB"	"BALLOON_ARMORYx"	"chat_0009"	"Any"	"Armoury bubble speech"
12	"0xC"	"ON_CRAFTCENTERx"	"chat_0010"	"Any"	"Blacksmith bubble speech"
13	"0xD"	"ALLOON_BARRACKx"	"chat_0011"	"Any"	"Barracks bubble speech"
14	"0xE"	"OON_SILVERSTARx"	"chat_0012"	"Any"	"Silver Hoshipon icon bubble speech"
15	"0xF"	"F_WEAPON_ARROWx"			
16	"0x10"	"APON_LONGARROWx"			
17	"0x11"	"_WEAPON_BOWGUNx"			
18	"0x12"	"WEAPON_JAVELINx"			
19	"0x13"	"PON_FLYJAVELINx"			
20	"0x14"	"FF_WEAPON_ROCKx"	"efm_041"	"Destrobo/Robo Enemy"	"Robopons' throwing rock"
21	"0x15"	"_WEAPON_BULLETx"	"efm_093"	"Canno/Hiss"	"A Cannon Bullet"
22	"0x16"	"_DIRECT_ATTACKx"			
23	"0x17"	"CT_BOSS_ATTACKx"			
24	"0x18"	"_DIRECT_ATTACKx"			
25	"0x19"	"ECT_BIG_ATTACKx"			
26	"0x1A"	"IRECT_ATTACK_1x"			
27	"0x1B"	"IRECT_ATTACK_2x"			
28	"0x1C"	"IRECT_ATTACK_3x"			
29	"0x1D"	"IRECT_ATTACK_4x"			
30	"0x1E"	"IRECT_ATTACK_5x"			
31	"0x1F"	"IRECT_ATTACK_6x"			
32	"0x20"	"IRECT_ATTACK_7x"			
33	"0x21"	"IRECT_ATTACK_8x"			
34	"0x22"	"IRECT_ATTACK_9x"			
35	"0x23"	"DIRECT_0_000_0x"			
36	"0x24"	"DIRECT_0_001_0x"			
37	"0x25"	"DIRECT_0_002_0x"			
38	"0x26"	"DIRECT_0_003_0x"			
39	"0x27"	"DIRECT_0_004_0x"			
40	"0x28"	"DIRECT_0_005_0x"			
41	"0x29"	"DIRECT_0_006_0x"			
42	"0x2A"	"DIRECT_0_007_0x"			
43	"0x2B"	"DIRECT_0_008_0x"			
44	"0x2C"	"DIRECT_0_009_0x"			
45	"0x2D"	"DIRECT_0_010_0x"			
46	"0x2E"	"DIRECT_0_011_0x"			
47	"0x2F"	"DIRECT_0_026_0x"			
48	"0x30"	"DIRECT_0_034_0x"			
49	"0x31"	"DIRECT_0_035_0x"			
50	"0x32"	"DIRECT_0_036_0x"			
51	"0x33"	"DIRECT_0_009_1x"			
52	"0x34"	"RECT_0_WHEEL_1x"			
53	"0x35"	"RECT_0_WHEEL_2x"			
54	"0x36"	"RECT_0_WHEEL_3x"			
55	"0x37"	"RECT_0_WHEEL_4x"			
56	"0x38"	"DIRECT_0_001_1x"			
57	"0x39"	"DIRECT_1_000_0x"			
58	"0x3A"	"DIRECT_1_001_0x"			
59	"0x3B"	"DIRECT_1_002_0x"			
60	"0x3C"	"DIRECT_1_003_0x"			
61	"0x3D"	"DIRECT_1_004_0x"			
62	"0x3E"	"DIRECT_1_005_0x"			
63	"0x3F"	"DIRECT_1_006_0x"			
64	"0x40"	"DIRECT_1_007_0x"			
65	"0x41"	"DIRECT_1_008_0x"			
66	"0x42"	"DIRECT_1_009_0x"			
67	"0x43"	"DIRECT_1_010_0x"			
68	"0x44"	"DIRECT_1_011_0x"			
69	"0x45"	"DIRECT_1_026_0x"			
70	"0x46"	"DIRECT_1_034_0x"			
71	"0x47"	"DIRECT_1_035_0x"			
72	"0x48"	"DIRECT_1_036_0x"			
73	"0x49"	"DIRECT_1_009_1x"			
74	"0x4A"	"DIRECT_1_002_1x"			
75	"0x4B"	"DIRECT_1_003_1x"			
76	"0x4C"	"DIRECT_1_004_1x"			
77	"0x4D"	"DIRECT_1_004_2x"			
78	"0x4E"	"CK_JAI_1_001_1x"			
79	"0x4F"	"CK_JAI_1_010_1x"			
80	"0x50"	"CK_JAI_1_011_1x"			
81	"0x51"	"RECT_1_WHEEL_1x"			
82	"0x52"	"RECT_1_WHEEL_2x"			
83	"0x53"	"RECT_1_WHEEL_3x"			
84	"0x54"	"RECT_1_WHEEL_4x"			
85	"0x55"	"DIRECT_1_001_1x"			
86	"0x56"	"PHON_001_STARTx"			
87	"0x57"	"APHON_001_SHOTx"			
88	"0x58"	"F_MEGAPHON_001x"	"wpn009_001"		
89	"0x59"	"F_MEGAPHON_002x"	"wpn009_002"		
90	"0x5A"	"F_MEGAPHON_003x"	"wpn009_003"		
91	"0x5B"	"F_MEGAPHON_004x"	"wpn009_004"		
92	"0x5C"	"F_MEGAPHON_005x"	"wpn009_005"		
93	"0x5D"	"F_MEGAPHON_006x"	"efm_209"	"Wonda/Mega Enemy"	"Wondabarappa normal attack"
94	"0x5E"	"F_MEGAPHON_007x"	"efm_210"	"Jamsch/Mega Enemy"	"Jamsch Charge Attack"
95	"0x5F"	"_MEGAPHON_007Ix"	"efm_475"	"Jamsch"	"Jamsch Charge Attack Ice"
96	"0x60"	"F_MEGAPHON_008x"	"efm_211"	"Wondabarappa"	"Wondabarappa Heromode"
97	"0x61"	"F_MEGAPHON_009x"	"efm_473"	"Wondabarappa"	"Wondabarappa Charge attk"
98	"0x62"	"LIN_THUNDER_01x"		"Yarida Spear BOOM"	"Spear Boom CS"
99	"0x63"	"LIN_THUNDER_02x"		"Yarida"	"Spear Ba-Boom CS"
100	"0x64"	"LIN_THUNDER_03x"		"Yarida"	"Spear Ba-Ba-Boom CS"
101	"0x65"	"JAVELIN_THB_01x"	"efm_123"	"Yarida"	"Yarida HM"
102	"0x66"	"JAVELIN_THB_02x"	"efm_123"	"Yarida"	"Yarida HM"
103	"0x67"	"JAVELIN_THB_03x"	"efm_123"	"Yarida"	"Yarida HM"
104	"0x68"	"_SPESIAL_ARROWx"	"wpn002_001"		
105	"0x69"	"PESIAL_JAVELINx"			"(Patapon2 Tori HM?)"
106	"0x6A"	"IAL_FLYJAVELINx"			"(Patapon2 Tori HM?)"
107	"0x6B"	"SPESIAL_LANCERx"			
108	"0x6C"	"JAVELIN_EFFECTx"	"efm_032"		"(Patapon2 Tori HM?)"
109	"0x6D"	"JAVELIN_EFFECTx"	"efm_039"		"(Patapon2 Tori HM?)"
110	"0x6E"	"PESIAL_ARROW_1x"	"efm_021"		"Small orange shot, might b2 P2 yumi HM"
111	"0x6F"	"PESIAL_ARROW_2x"	"efm_022"		"Can be P2 Yumi HM"
112	"0x70"	"PESIAL_ARROW_3x"	"efm_023"		"Can be P2 Yumi HM"
113	"0x71"	"_JAVELIN_BLASTx"			"Yaripon HM blast P2"
114	"0x72"	"YJAVELIN_BLASTx"			"Toripon HM blast P2"
115	"0x73"	"L_LANCER_BLASTx"			"(Patapon2 Kiba HM?)"
116	"0x74"	"_LANCER_EFFECTx"	"efm_033"		"(Patapon2 Kiba HM?)"
117	"0x75"	"_SHIELD_EFFECTx"	"efm_031"		"Shield Evasion"
118	"0x76"	"ATTACK_TORNADOx"	"efm_000_010"		"Gong Tornado Rings (P2)"
119	"0x77"	"ACK_POWERWAVE1x"			"Gong Tornado Dusts (P2)"
120	"0x78"	"ACK_POWERWAVE2x"	"efm_000_030"		"Gong Tornado Blast (P2)"
121	"0x79"	"ACK_BLAZEWALL1x"			"Gong Fire sparkles from ground effect"
122	"0x7A"	"ACK_BLAZEWALL2x"			"Gong Fire sparkles from ground effect"
123	"0x7B"	"TTACK_SETTLINGx"	"efm_361"		
124	"0x7C"	"ONE_ATTACK_HITx"	"efm_362"		
125	"0x7D"	"TTACK_ROTATIONx"	"efm_369"		
126	"0x7E"	"F_GONE_TORNADOx"	"efm_370"	"Ravenous"	"Raven Tornado"
127	"0x7F"	"TORNADO_WEAPONx"	"efm_377"	"Ravenous"	"Raven Tornado Scythe Swinging"
128	"0x80"	"_GONE_FTORNADOx"	"efm_458"	"Fire Tornado"	"Raven Tornado Fire (CS2)"
129	"0x81"	"TORNADO_WEAPONx"	"efm_459"		"Raven Fire Tornado Scythe Swinging"
130	"0x82"	"T_ARROW_GROUNDx"			
131	"0x83"	"HIT_ARROW_UNITx"			
132	"0x84"	"HIT_ARROW_WOODx"			
133	"0x85"	"IT_ARROW_STOONx"			
134	"0x86"	"HIT_ARROW_TATEx"			
135	"0x87"	"_HIT_ARROW_ICEx"			
136	"0x88"	"HIT_ARROW_SANDx"			
137	"0x89"	"IT_SWOORD_TATEx"			
138	"0x8A"	"T_SWOORD_UNIT1x"			
139	"0x8B"	"T_SWOORD_UNIT2x"			
140	"0x8C"	"HIT_SWOORD_ICEx"			
141	"0x8D"	"IT_SWOORD_SANDx"			
142	"0x8E"	"T_GIANT_GROUNDx"			
143	"0x8F"	"HIT_GIANT_UNITx"			
144	"0x90"	"HIT_GIANT_WOODx"			
145	"0x91"	"IT_GIANT_STOONx"			
146	"0x92"	"HIT_GIANT_TATEx"			
147	"0x93"	"_HIT_GIANT_ICEx"			
148	"0x94"	"HIT_GIANT_SANDx"			
149	"0x95"	"_SWOORD_GROUNDx"			
150	"0x96"	"IT_SWOORD_WOODx"			
151	"0x97"	"T_SWOORD_STOONx"			
152	"0x98"	"_HOHEI_SPE_DEFx"			
153	"0x99"	"HIT_YARI_SPE_1x"			
154	"0x9A"	"HIT_YARI_SPE_2x"			
155	"0x9B"	"HIT_YARI_SPE_3x"			
156	"0x9C"	"T_YUMI_METEO_1x"			
157	"0x9D"	"T_YUMI_METEO_2x"			
158	"0x9E"	"T_YUMI_METEO_3x"			
159	"0x9F"	"T_STONE_GROUNDx"			
160	"0xA0"	"HIT_STONE_UNITx"			
161	"0xA1"	"HIT_STONE_WOODx"			
162	"0xA2"	"IT_STONE_STOONx"			
163	"0xA3"	"HIT_STONE_TATEx"			
164	"0xA4"	"_HIT_FIRE_UNITx"			
165	"0xA5"	"F_HIT_ICE_UNITx"			
166	"0xA6"	"_THUNDER_UNIT1x"			
167	"0xA7"	"_THUNDER_UNIT2x"			
168	"0xA8"	"_SNOWBALL_UNITx"			
169	"0xA9"	"HERO_BACKLIGHTx"	"efm_226"		"Heromode Start Flashing"
170	"0xAA"	"EFF_HERO_BACKx"	"efm_227"		"Heromode Start Bg (black)"
171	"0xAB"	"EFF_HERO_LIGHTx"	"efm_228"		"Heromode Spark effect"
172	"0xAC"	"RO_FLYINGSTONEx"	"efm_086"	"Grenburr Hero"	"Gren HM Blast stones"
173	"0xAD"	"_HERO_NIAGARA x"	"efm_087"	"Grenburr Hero"	"Gren HM hit ground effect"
174	"0xAE"	"HERO_NIAGARA_0x"	"efm_105"	"Grenburr Hero"	"Gren HM drop effect"
175	"0xAF"	"HERO_NIAGARA_1x"	"efm_106"	"Grenburr Hero"	"Gren HM weapon swing round"
176	"0xB0"	"_HERO_SWORD_01x"	"efm_101"	"Grenburr Hero"	"Gren HM weapon swing short"
177	"0xB1"	"FF_HERO_THRUSTx"	"efm_107"	"Grenburr"	"Gren charge attk"
178	"0xB2"	"IMPACTWAVE_LV1x"	"efm_192"	"Zapper 1"	"Zapper CS 1"
179	"0xB3"	"IMPACTWAVE_LV2x"	"efm_192"	"Zapper 2"	"Zapper CS 2"
180	"0xB4"	"IMPACTWAVE_LV3x"	"efm_192"	"Zapper 3"	"Zapper CS 3"
181	"0xB5"	"IMPACTWAVE_LV4x"	"efm_192"	"Zapper 4"	"Zapper CS 4"
182	"0xB6"	"IMPACTWAVE_LV5x"	"efm_192"	"Zapper 5"	"Zapper CS 5"
183	"0xB7"	"ERO_CBALL_AIMGx"	"efm_096"	"Canno/Hiss Cannon"	"Cannon Heromode ball bg"
184	"0xB8"	"O_CBALL_AIMG_1x"	"efm_096"	"Canno/Hiss Cannon"	"Cannon Heromode ball bg"
185	"0xB9"	"O_CANNONBALL_0x"	"efm_093"	"Canno/Hiss Cannon"	"Cannonball from Canno/Hiss"
186	"0xBA"	"O_CANNONBALL_1x"	"efm_093"		"Cannonball from Canno/Hiss"
187	"0xBB"	"HERO_CBALL_EFFx"	"efm_094"	"Canno/Hiss Cannon"	"Canno/Hiss Cannon HM Blast from weapon"
188	"0xBC"	"CBALL_EFF1_OLDx"	"efm_099"		"Unused old Cannon HM effect?"
189	"0xBD"	"CBALL_EFF2_OLDx"	"efm_100"		"Unused old Cannon HM effect?"
190	"0xBE"	"F_HERO_JAVELINx"	"efm_123"	"Yarida Hero"	"Yarida Heromode Spear"
191	"0xBF"	"_JAVELIN_BLASTx"	"efm_124"	"Yarida Hero"	"Yarida Heromode Blast On Hit"
192	"0xC0"	"_HERO_SPEAR_01x"	"efm_108"	"Wooyari Hero"	"Wooyari Poke"
193	"0xC1"	"_HERO_SPEAR_02x"	"efm_109"	"Wooyari Hero"	"Wooyari Poke"
194	"0xC2"	"O_RINGSTONE_STx"	"efm_439"	"Wooyari Spear"	"Wooyari Heromode Spear"
195	"0xC3"	"O_RINGSTONE_LPx"	"efm_439"	"Wooyari Spear"	"Wooyari Heromode Spear"
196	"0xC4"	"O_RINGSTONE_EDx"	"efm_439"	"Wooyari Spear"	"Wooyari Heromode Spear"
197	"0xC5"	"NGSTONE_ICE_STx"	"efm_440"	"Wooyari Ice Spear"	"Wooyari Heromode Ice Spear"
198	"0xC6"	"NGSTONE_ICE_LPx"	"efm_440"	"Wooyari Ice Spear"	"Wooyari Heromode Ice Spear"
199	"0xC7"	"NGSTONE_ICE_EDx"	"efm_440"	"Wooyari Ice Spear"	"Wooyari Heromode Ice Spear"
200	"0xC8"	"GSTONE_LONG_STx"	"efm_442"	"Wooyari Lance"	"Wooyari Heromode Lance"
201	"0xC9"	"GSTONE_LONG_LPx"	"efm_442"	"Wooyari Lance"	"Wooyari Heromode Lance"
202	"0xCA"	"GSTONE_LONG_EDx"	"efm_442"	"Wooyari Lance"	"Wooyari Heromode Lance"
203	"0xCB"	"ONE_LONGICE_STx"	"efm_443"	"Wooyari Ice Pike"	"Wooyari Heromode Ice Pike"
204	"0xCC"	"ONE_LONGICE_LPx"	"efm_443"	"Wooyari Ice Pike"	"Wooyari Heromode Ice Pike"
205	"0xCD"	"ONE_LONGICE_EDx"	"efm_443"	"Wooyari Ice Pike"	"Wooyari Heromode Ice Pike"
206	"0xCE"	"F_HERO_RING_STx"	"efm_089"	"Wooyari Spear"	"Wooyari Heromode Spear"
207	"0xCF"	"F_HERO_RING_LPx"	"efm_089"	"Wooyari Spear"	"Wooyari Heromode Spear"
208	"0xD0"	"F_HERO_RING_EDx"	"efm_089"	"Wooyari Spear"	"Wooyari Heromode Spear"
209	"0xD1"	"_HERO_RING_ST2x"	"efm_089"	"Wooyari Lance"	"Wooyari Heromode Lance"
210	"0xD2"	"_HERO_RING_LP2x"	"efm_089"	"Wooyari Lance"	"Wooyari Heromode Lance"
211	"0xD3"	"_HERO_RING_ED2x"	"efm_089"	"Wooyari Lance"	"Wooyari Heromode Lance"
212	"0xD4"	"ERO_ICERING_STx"	"efm_194"	"Wooyari Ice Spear"	"Wooyari Heromode Ice Short"
213	"0xD5"	"ERO_ICERING_LPx"	"efm_194"	"Wooyari Ice Spear"	"Wooyari Heromode Ice Short"
214	"0xD6"	"ERO_ICERING_EDx"	"efm_194"	"Wooyari Ice Spear"	"Wooyari Heromode Ice Short"
215	"0xD7"	"RO_ICERING_ST2x"	"efm_194"	"Wooyari Ice Pike"	"Wooyari Heromode Ice Pike"
216	"0xD8"	"RO_ICERING_LP2x"	"efm_194"	"Wooyari Ice Pike"	"Wooyari Heromode Ice Pike"
217	"0xD9"	"RO_ICERING_ED2x"	"efm_194"	"Wooyari Ice Pike"	"Wooyari Heromode Ice Pike"
218	"0xDA"	"HERO_PHANTOM_0x"	"efm_104"	"Pyokorider Hero"	"Pyokorider HM (Pyokorider model)"
219	"0xDB"	"HERO_PHANTOM_1x"	"efm_092"	"Pyokorider Hero"	"Pyokorider Heromode"
220	"0xDC"	"HERO_PHANTOM_2x"	"efm_091"	"Pyokorider Hero"	"Pyokorider Heromode"
221	"0xDD"	"HERO_PHANTOM_3x"	"efm_090"	"Pyokorider Hero"	"Pyokorider Heromode"
222	"0xDE"	"HERO_PHANTOM_4x"	"efm_104"	"Pyokorider Hero"	"Pyokorider HM (Pyokorider model)"
223	"0xDF"	"ERO_SUGETOSSINx"	"efm_232"	"Kibadda Hero"	"Kibadda HM"
224	"0xE0"	"ETOSSIN_GROUNDx"	"efm_262"	"Kibadda Hero"	"Kibadda HM ground bursting"
225	"0xE1"	"O_SUGETOSSIN_Hx"	"efm_233"	"Kibadda Hero"	"Kibadda HM hitting effect"
226	"0xE2"	"O_SHIELD_STARTx"	"efm_127"	"Taterazay Hero"	"Taterazay Hero Pink Smoke?! (Is this used?!)"
227	"0xE3"	"FF_HERO_SHIELDx"	"efm_128"	"Taterazay Hero"	"Taterazay HM"
228	"0xE4"	"RO_METEORARROWx"	"efm_129"	"Yumiyacha Hero"	"Yumiyacha HM"
229	"0xE5"	"HEEREFFECT_LV1x"	"efm_193"	"Wonda Heave Ho 1"	"Heave Ho Start Ground Effect CS 1 (different sound)"
230	"0xE6"	"HEEREFFECT_LV2x"	"efm_193"		"Heave Ho Start Ground Effect CS 1 (different sound)"
231	"0xE7"	"HEEREFFECT_LV3x"	"efm_193"		"Heave Ho Start Ground Effect CS 1 (different sound)"
232	"0xE8"	"HEEREFFECT_LV4x"	"efm_193"		"Heave Ho Start Ground Effect CS 1 (different sound)"
233	"0xE9"	"CHEER_SELF_LV1x"			"Heave Ho 1 (CS1 Effect)"
234	"0xEA"	"CHEER_SELF_LV2x"			"Heave Ho 1 (CS1 + CS2 Effect)"
235	"0xEB"	"CHEER_SELF_LV3x"			"Heave Ho 1 (CS1 + CS2 + CS3 Effect)"
236	"0xEC"	"CHEER_SELF_LV4x"			"Heave Ho 1 (CS1 + CS2 + CS3 + CS4 Effect)"
237	"0xED"	"O_CHEER_SELF_Ax"	"efm_251"	"Wondabarappa"	"Heave Ho 1 (only CS1 icon)"
238	"0xEE"	"O_CHEER_SELF_Bx"	"efm_251"		"Heave Ho 2 (only CS2 icon)"
239	"0xEF"	"O_CHEER_SELF_Cx"	"efm_251"		"Heave Ho 3 (only CS3 icon)"
240	"0xF0"	"O_CHEER_SELF_Dx"	"efm_251"		"Heave Ho 4 (only CS4 icon)"
241	"0xF1"	"ERO_TATETOSSINx"			
242	"0xF2"	"_SOIL_EFFECT_Hx"	"efm_269"	"Bowmunk"	
243	"0xF3"	"_SOIL_EFFECT_Ux"	"efm_269"		"Bowmunk grass swing circle"
244	"0xF4"	"EFF_HERO_SOILx"	"efm_270"	"Bowmunk"	"Bowmunk grass swing circle (slightly less effect)"
245	"0xF5"	"HERO_SOIL_GROWx"	"efm_271"	"Bowmunk"	"Bowmunk soil (plants grass)"
246	"0xF6"	"F_GRASS_REGROWx"	"efm_423"		"Grass growing from bottom (plants grass)"
247	"0xF7"	"HERO_SOIL_HEALx"	"efm_272"	"Bowmunk"	"Bowmunk grass heal shine from ground"
248	"0xF8"	"RO_TREE_VISIONx"	"efm_253"	"Bowmunk Hero"	"Bowmunk HM tree"
249	"0xF9"	"ERO_TREE_LIGHTx"	"efm_254"	"Bowmunk Hero"	"Bowmunk HM shine effect from ground"
250	"0xFA"	"ARI_THUNDER_01x"	"efm_161"	"Yarida"	"Pon yari lightning CS2"
251	"0xFB"	"ARI_THUNDER_02x"	"efm_162"	"Yarida"	"Pon yari lightning CS3"
252	"0xFC"	"ARI_THUNDER_03x"	"efm_163"	"Yarida"	"Pon yari lightning CS4"
253	"0xFD"	"EFF_HERO_GGMx"	"efm_229"	"Piekron Hero"	"Piekron HM background Lv1"
254	"0xFE"	"F_HERO_GGM_LV2x"	"efm_467"	"Piekron Hero"	"Piekron HM background Lv2"
255	"0xFF"	"F_HERO_GGM_LV3x"	"efm_468"	"Piekron Hero"	"Piekron HM background Lv3"
256	"0x100"	"HERO_GGM_FRONTx"	"efm_230"	"Piekron Hero"	"Piekron HM light from Ground Lv1"
257	"0x101"	"_GGM_FRONT_LV2x"	"efm_230"	"Piekron Hero"	"Piekron HM light from Ground Lv2"
258	"0x102"	"_GGM_FRONT_LV3x"	"efm_230"	"Piekron Hero"	"Piekron HM light from Ground Lv3"
259	"0x103"	"ERO_GGM_CHANGEx"	"efm_469"	"Piekron Hero"	"Piekron HM Big circle spark on back"
260	"0x104"	"HERO_GGM_POWUPx"	"efm_438"	"Piekron Hero"	"Piekron spiky circle when HM hit(one circle)"
261	"0x105"	"_GGM_POWUP_LV2x"	"efm_470"	"Piekron Hero"	"Piekron spiky circle when HM hit (two circles)"
262	"0x106"	"_GGM_POWUP_LV3x"	"efm_471"	"Piekron Hero"	"Piekron spiky circle when HM hit (three circles)"
263	"0x107"	"_GGM_POWUP_LV4x"	"efm_472"	"Piekron Hero"	"Piekron spiky circle when HM hit (max circles)"
264	"0x108"	"EFF_HERO_QUAKEx"	"efm_424"	"Tondenga/Natural Disaster"	"Tumble effect"
265	"0x109"	"F_HERO_GD_BACKx"	"efm_234"	"Tondenga Hero"	"Tondenga HM small swing + Dust"
266	"0x10A"	"_HERO_GD_FRONTx"	"efm_235"	"Tondenga Hero"	"Tondenga HM main swing"
267	"0x10B"	"HERO_GD_GROUNDx"	"efm_263"	"Tondenga Hero"	"Tondenga HM ground bursting"
268	"0x10C"	"FF_HERO_GD_HITx"	"efm_236"	"Tondenga Hero"	"Tondenga HM hit"
269	"0x10D"	"_HERO_ARAR_LV1x"	"efm_195"	"Alosson Hero"	"Alosson HM arrows level 1"
270	"0x10E"	"_HERO_ARAR_LV2x"	"efm_195"		"Alosson HM arrows level 2"
271	"0x10F"	"_HERO_ARAR_LV3x"	"efm_195"		"Alosson HM arrows level 3"
272	"0x110"	"_HERO_ARAR_HITx"	"efm_237"	"Alosson Hero"	"Alosson HM arrow hit"
273	"0x111"	"F_HERO_DDCOMBOx"	"efm_231"	"Destrobo Hero"	"Destrobo HM"
274	"0x112"	"_WEAPON_ROCK_1x"	"efm_255"	"Destrobo"	"Destrobo Stone Throw"
275	"0x113"	"_ROCK_1_ATTACHx"	"efm_255"		"Destrobo Stone only (no hit blast)"
276	"0x114"	"ERO_MELTEDROCKx"	"efm_131"	"Ragewolf"	"Ragewolf Fire stone throw"
277	"0x115"	"TEDROCK_ATTACHx"	"efm_131"		"Ragewolf Fire Stone only (no hit blast)"
278	"0x116"	"_DHERO_ICEROCKx"	"efm_485"	"Ragewolf"	"Ragewolf Ice Stone Throw"
279	"0x117"	"ICEROCK_ATTACHx"	"efm_485"		"Ragewolf Stone only (no hit blast)"
280	"0x118"	"ERO_DRILLPUNCHx"	"efm_130"	"Ragewolf"	
281	"0x119"	"_DMUSHROOM_HITx"			
282	"0x11A"	"_PIERCE_LSPEARx"	"efm_239"	"Charibasa Hero"	"Charibasa HM arrow front"
283	"0x11B"	"CE_LSPEAR_BACKx"	"efm_238"	"Charibasa Hero"	"Charibasa HM arrow back"
284	"0x11C"	"RCE_LSPEAR_ENDx"	"efm_240"	"Charibasa Hero"	"Charibasa HM blast"
285	"0x11D"	"RCE_LSPEAR_HITx"	"efm_241"	"Charibasa Hero"	"Charibasa HM hit (smaller than blast)"
286	"0x11E"	"E_LSPEAR_STARTx"	"efm_243"	"Charibasa Hero"	"Charibasa HM start (swing)"
287	"0x11F"	"O_PSPORE_STARTx"	"efm_244"	"Jamsch Hero"	"Jamsch HM start (big, horn end shaped oval)"
288	"0x120"	"FF_HERO_PSPOREx"	"efm_245"	"Jamsch Hero"	"Jamsch HM start (more animation than above)"
289	"0x121"	"PORE_BPARTICLEx"	"efm_246"	"Jamsch Hero"	"Jamsch HM spore"
290	"0x122"	"PORE_OPARTICLEx"	"efm_247"	"Jamsch Hero"	"Jamsch HM spore tiny black dusts"
291	"0x123"	"RO_PSPORE_BFOGx"	"efm_248"	"Jamsch Hero"	"Jamsch HM spore tiny orange dusts"
292	"0x124"	"RO_PSPORE_OFOGx"	"efm_249"	"Jamsch Hero"	"Jamsch HM background fog"
293	"0x125"	"RO_PSPORE_GFOGx"	"efm_250"	"Jamsch Hero"	"Jamsch HM spore big orange dusts"
294	"0x126"	"RO_GYBA_LASER1x"	"efm_266"	"Canno/Hiss Laser"	"Canno/Hiss laser shot small"
295	"0x127"	"A_LASER1_FRONTx"	"efm_267"	"Canno/Hiss Laser"	"Canno/Hiss laser shot small thin front part"
296	"0x128"	"RO_GYBA_LASER2x"	"efm_266"	"Canno/Hiss Laser"	"Canno/Hiss laser shot big"
297	"0x129"	"A_LASER2_FRONTx"	"efm_267"	"Canno/Hiss Laser"	"Canno/Hiss laser shot big thin front part"
298	"0x12A"	"YBA_LASER1_HITx"	"efm_268"	"Canno/Hiss Laser"	"Smoke from laser"
299	"0x12B"	"RO_GYBA_LASER3x"	"efm_260"	"Canno/Hiss Laser"	"Canno/Hiss Laser HM shot"
300	"0x12C"	"A_LASER3_FRONTx"	"efm_261"	"Canno/Hiss Laser"	"Canno/Hiss Laser HM shot thin front part"
301	"0x12D"	"YBA_LASER3_HITx"	"efm_265"	"Canno/Hiss Laser"	"Canno/Hiss Laser HM hit"
302	"0x12E"	"A_LASER3_STARTx"	"efm_479"	"Canno/Hiss Laser"	"Canno/Hiss Laser HM gun part circle"
303	"0x12F"	"_LASER3_FSTARTx"	"efm_480"	"Canno/Hiss Laser"	"Canno/Hiss Laser HM gun part sparkle"
304	"0x130"	"A_LASER1_STARTx"	"efm_481"	"Canno/Hiss Laser"	"Canno/Hiss laser shot small gun part circle"
305	"0x131"	"A_LASER2_STARTx"	"efm_481"		"Canno/Hiss laser shot big gun part circle"
306	"0x132"	"_LASER1_FSTARTx"	"efm_482"	"Canno/Hiss Laser"	"Canno/Hiss laser shot small gun part sparkle"
307	"0x133"	"_LASER2_FSTARTx"	"efm_482"		"Canno/Hiss laser shot big gun part sparkle"
308	"0x134"	"_GYBA_SHOTGUN1x"	"efm_277"	"Canno/Hiss Blunderbuss"	"Canno/Hiss Howie small shot gun part blast"
309	"0x135"	"_GYBA_SHOTGUN2x"	"efm_277"	"Canno/Hiss Blunderbuss"	"Canno/Hiss Howie big shot gun part blast"
310	"0x136"	"SHOTGUN1_FRONTx"	"efm_278"	"Canno/Hiss Blunderbuss"	"Canno/Hiss Howie shot smoke small"
311	"0x137"	"A_SHOTGUN1_HITx"	"efm_279"	"Canno/Hiss Blunderbuss"	"Canno/Hiss Howie bullet Hit effect small"
312	"0x138"	"_GYBA_SHOTGUN3x"	"efm_280"	"Canno/Hiss Blunderbuss"	"Canno/Hiss HM Howie shot gun part blast"
313	"0x139"	"SHOTGUN3_FRONTx"	"efm_281"	"Canno/Hiss Blunderbuss"	"Canno/Hiss Howie shot smoke big"
314	"0x13A"	"A_SHOTGUN3_HITx"	"efm_282"	"Canno/Hiss Blunderbuss"	"Canno/Hiss Howie bullet Hit effect big"
315	"0x13B"	"HOTGUN1_BULLETx"	"efm_283"	"Canno/Hiss Blunderbuss"	"Canno/Hiss Howie bullet Non HM"
316	"0x13C"	"HOTGUN3_BULLETx"	"efm_284"	"Canno/Hiss Blunderbuss"	"Canno/Hiss Howie bullet HM"
317	"0x13D"	"ERO_CBALL_EFF1x"	"efm_455"	"Canno/Hiss Cannon"	"Canno/Hiss Cannon gun blast effect small"
318	"0x13E"	"ERO_CBALL_EFF2x"	"efm_456"	"Canno/Hiss Cannon"	"Canno/Hiss Cannon gun blast effect big"
319	"0x13F"	"ERO_CBALL_EFF0x"	"efm_457"	"Canno/Hiss Cannon"	"Canno/Hiss Cannon gun blast effect smoke only"
320	"0x140"	"TPOWERUP_STARTx"	"efm_273"	"Charibasa"	"Chari boost Feather Effect"
321	"0x141"	"BRA_TPOWERUP_1x"	"efm_274"	"Charibasa"	"Chari boost Charge"
322	"0x142"	"BRA_TPOWERUP_2x"	"efm_275"	"Charibasa"	"Chari boost Charge Def"
323	"0x143"	"BRA_TPOWERUP_3x"	"efm_276"	"Charibasa"	"Chari boost Charge Attack"
324	"0x144"	"KI_RETURN_SELFx"	"efm_257"	"Fertilizer"	"Fertilizer Set Skill Effect"
325	"0x145"	"_RETURN_CENTERx"	"efm_258"		
326	"0x146"	"KI_RETURN_UNITx"	"efm_259"		
327	"0x147"	"RO_FMYA_KAGEMIx"	"efm_264"	"Doppelganger"	"Myamsar Doppelganger effect"
328	"0x148"	"OISONEXPLOSIONx"	"efm_308"	"Poison Bomb"	"Myamsar Exploding Effect"
329	"0x149"	"YA_KAGE_PLAYERx"	"efm_312"	"Myamsar Hero"	"Myamsar HM vertical effect with black lines"
330	"0x14A"	"MYA_KAGE_ENEMYx"	"efm_313"	"Myamsar Hero"	"Myamsar HM vertical effect with black lines"
331	"0x14B"	"_KAGE_CAPTURE1x"	"efm_314"	"Myamsar Hero"	"Maymsar HM enemy capturing"
332	"0x14C"	"_KAGE_CAPTURE2x"	"efm_314"	"Myamsar Hero"	"Myamsar HM enemy captured"
333	"0x14D"	"_KAGE_CAPTURE3x"	"efm_314"	"Myamsar Hero"	"Myamsar HM black circle (enemy capture)"
334	"0x14E"	"MYA_KAGE_MOVE1x"	"efm_315"	"Myamsar Hero"	"Myamsar HM white fog"
335	"0x14F"	"MYA_KAGE_MOVE2x"	"efm_315"		"Myamsar HM black thin lines"
336	"0x150"	"YA_KAGE_ATTACKx"	"efm_316"	"Myamsar Hero"	"Myamsar HM attacking"
337	"0x151"	"MASH_OTO_SLEEPx"	"efm_306"	"Jamsch/Mega Enemy"	"Jamsch normal attack"
338	"0x152"	"MASH_DMUSHROOMx"	"efm_307"	"Jamsch"	"Doom shroom growing from the ground"
339	"0x153"	"KO_NIO_008_000x"	"efm_285"	"Cannassault Greatsword"	"Canna HM Weapon Aura Greatsword"
340	"0x154"	"NIO_008_100_L1x"	"efm_286"	"Cannassault Critical Greatsword"	"Canna HM Weapon Aura Critical Greatsword Visual Lv1"
341	"0x155"	"NIO_008_100_L2x"	"efm_286"		"Canna HM Weapon Aura Critical Greatsword Visual Lv2"
342	"0x156"	"NIO_008_100_L3x"	"efm_286"		"Canna HM Weapon Aura Critical Greatsword Visual Lv3"
343	"0x157"	"NIO_008_101_L1x"	"efm_287"	"Cannassault Ice Greatsword"	"Canna HM Weapon Aura Ice Greatsword Visual Lv1"
344	"0x158"	"NIO_008_101_L2x"	"efm_287"		"Canna HM Weapon Aura Ice Greatsword Visual Lv2"
345	"0x159"	"NIO_008_101_L3x"	"efm_287"		"Canna HM Weapon Aura Ice Greatsword Visual Lv3"
346	"0x15A"	"KO_NIO_008_200x"	"efm_288"	"Cannassault Excalipon"	"Canna HM Weapon Aura Excalipon"
347	"0x15B"	"KO_NIO_008_201x"	"efm_289"	"Cannassault Quagar"	"Canna HM Weapon Aura Quagar"
348	"0x15C"	"KO_NIO_008_202x"	"efm_290"	"Cannassault Serberker"	"Canna HM Weapon Aura Serberker"
349	"0x15D"	"KO_NIO_008_300x"	"efm_291"	"Cannassault Caladbong"	"Canna HM Weapon Aura Caladbong"
350	"0x15E"	"KO_NIO_010_000x"	"efm_292"	"Cannassault Axe"	"Canna HM Weapon Aura Axe"
351	"0x15F"	"NIO_010_100_L1x"	"efm_293"	"Cannassault Stagger Axe"	"Canna HM Weapon Aura Stagger Axe Visual Lv1"
352	"0x160"	"NIO_010_100_L2x"	"efm_293"		"Canna HM Weapon Aura Stagger Axe Visual Lv2"
353	"0x161"	"NIO_010_100_L3x"	"efm_293"		"Canna HM Weapon Aura Stagger Axe Visual Lv3"
354	"0x162"	"NIO_010_101_L1x"	"efm_294"	"Cannassault Poison Axe"	"Canna HM Weapon Aura Poison Axe Visual Lv1"
355	"0x163"	"NIO_010_101_L2x"	"efm_294"		"Canna HM Weapon Aura Poison Axe Visual Lv2"
356	"0x164"	"NIO_010_101_L3x"	"efm_294"		"Canna HM Weapon Aura Poison Axe Visual Lv3"
357	"0x165"	"KO_NIO_010_200x"	"efm_295"	"Cannassault Hilkinga's Chillaxe"	"Canna HM Weapon Aura Hilkinga's Chillaxe"
358	"0x166"	"KO_NIO_010_201x"	"efm_296"	"Cannassault Susurapon"	"Canna HM Weapon Aura Susurapon"
359	"0x167"	"KO_NIO_010_202x"	"efm_297"	"Cannassault Axe of Hanboon"	"Canna HM Weapon Aura Axe of Hanboon"
360	"0x168"	"KO_NIO_010_300x"	"efm_298"	"Cannassault Bumpalion Axe"	"Canna HM Weapon Aura Bumpalion Axe"
361	"0x169"	"KO_NIO_011_000x"	"efm_299"	"Cannassault Club"	"Canna HM Weapon Aura Club"
362	"0x16A"	"NIO_011_100_L1x"	"efm_300"	"Cannassault Lightning Club"	"Canna HM Weapon Aura Lightning Club Visual Lv1"
363	"0x16B"	"NIO_011_100_L2x"	"efm_300"		"Canna HM Weapon Aura Lightning Club Visual Lv2"
364	"0x16C"	"NIO_011_100_L3x"	"efm_300"		"Canna HM Weapon Aura Lightning Club Visual Lv3"
365	"0x16D"	"NIO_011_101_L1x"	"efm_301"	"Cannassault Dreamweaver"	"Canna HM Weapon Aura Dreamweaver Visual Lv1"
366	"0x16E"	"NIO_011_101_L2x"	"efm_301"		"Canna HM Weapon Aura Dreamweaver Visual Lv2"
367	"0x16F"	"NIO_011_101_L3x"	"efm_301"		"Canna HM Weapon Aura Dreamweaver Visual Lv3"
368	"0x170"	"KO_NIO_011_200x"	"efm_302"	"Cannassault Genmaru"	"Canna HM Weapon Aura Genmaru"
369	"0x171"	"KO_NIO_011_201x"	"efm_303"	"Cannassault Mjollnir"	"Canna HM Weapon Aura Mjollnir"
370	"0x172"	"KO_NIO_011_202x"	"efm_304"	"Cannassault Thor"	"Canna HM Weapon Aura Thor"
371	"0x173"	"KO_NIO_011_300x"	"efm_305"	"Cannassault Humthor's Harm"	"Canna HM Weapon Aura Humthor's Harm"
372	"0x174"	"O_KNKO_NIO_HITx"	"efm_309"	"Cannassault"	"Cannassault wheel attack hit"
373	"0x175"	"NKO_NIO_WHEEL1x"	"efm_310"	"Cannassault"	"Cannassault wheel attack 1"
374	"0x176"	"NKO_NIO_WHEEL2x"	"efm_311"	"Cannassault"	"Cannassault wheel attack 2"
375	"0x177"	"ERO_MNKI_GROCKx"	"efm_252"	"Bowmunk"	"Bowmunk charge def dust effect"
376	"0x178"	"OH_YAMETEON_L1x"			"Oohoroc HM meteor full"
377	"0x179"	"_YAMETEON_SHOTx"	"efm_321"	"Oohoroc Hero"	"Oohoroc HM meteor shot only (no direction)"
378	"0x17A"	"YAMETEON_BLASTx"	"efm_322"	"Oohoroc Hero"	"Oohoroc HM meteor blast"
379	"0x17B"	"IC_FIREBALL_L1x"	"efm_325"	"Singe 1"	"Ooho Singe on the staff CS1"
380	"0x17C"	"IC_FIREBALL_L2x"	"efm_326"	"Singe 2"	"Ooho Singe on the staff CS2"
381	"0x17D"	"IC_FIREBALL_L3x"	"efm_327"	"Singe 3"	"Ooho Singe on the staff CS3"
382	"0x17E"	"IC_FIREBALL_L4x"	"efm_328"	"Singe 4"	"Ooho Singe on the staff CS4"
383	"0x17F"	"IC_FIREBALL_L5x"	"efm_329"	"Singe 5"	"Ooho Singe on the staff CS5"
384	"0x180"	"REBALL_L1_SHOTx"	"efm_330"		"Ooho Singe attack CS1"
385	"0x181"	"REBALL_L2_SHOTx"	"efm_331"		"Ooho Singe attack CS2"
386	"0x182"	"REBALL_L3_SHOTx"	"efm_332"		"Ooho Singe attack CS3"
387	"0x183"	"REBALL_L4_SHOTx"	"efm_333"		"Ooho Singe attack CS4"
388	"0x184"	"REBALL_L5_SHOTx"	"efm_334"		"Ooho Singe attack CS5"
389	"0x185"	"IREBALL_L1_HITx"	"efm_335"		"Ooho Singe hitting effect CS1"
390	"0x186"	"IREBALL_L2_HITx"	"efm_336"		"Ooho Singe hitting effect CS2"
391	"0x187"	"IREBALL_L3_HITx"	"efm_337"		"Ooho Singe hitting effect CS3"
392	"0x188"	"IREBALL_L4_HITx"	"efm_338"		"Ooho Singe hitting effect CS4"
393	"0x189"	"IREBALL_L5_HITx"	"efm_339"		"Ooho Singe hitting effect CS5"
394	"0x18A"	"MAGIC_FIREWALLx"	"efm_360"	"Volcano 1"	"Ooho Volcano"
395	"0x18B"	"IC_FIREWALL_L1x"	"efm_355"		"Ooho Volcano CS1"
396	"0x18C"	"IC_FIREWALL_L2x"	"efm_356"		"Ooho Volcano CS2"
397	"0x18D"	"IC_FIREWALL_L3x"	"efm_357"		"Ooho Volcano CS3"
398	"0x18E"	"IC_FIREWALL_L4x"	"efm_358"		"Ooho Volcano CS4"
399	"0x18F"	"IC_FIREWALL_L5x"	"efm_359"		"Ooho Volcano CS5"
400	"0x190"	"C_FIREWALL_GIMx"	"efm_489"		"Ooho Volcano ground"
401	"0x191"	"AGIC_LIGHTNINGx"	"efm_368"	"Flash Crack Boom 1"	"Ooho Lightning"
402	"0x192"	"C_LIGHTNING_L1x"	"efm_363"		"Ooho Lightning CS1"
403	"0x193"	"C_LIGHTNING_L2x"	"efm_364"		"Ooho Lightning CS2"
404	"0x194"	"C_LIGHTNING_L3x"	"efm_365"		"Ooho Lightning CS3"
405	"0x195"	"C_LIGHTNING_L4x"	"efm_366"		"Ooho Lightning CS4"
406	"0x196"	"C_LIGHTNING_L5x"	"efm_367"		"Ooho Lightning CS5"
407	"0x197"	"_SANDAMUSUTOMUx"	"efm_378"		"Ooho Lightning start casting on staff"
408	"0x198"	"NDAMUSUTOMU_L1x"			"Thunderific (full)"
409	"0x199"	"NDAMUSUTOMU_V1x"	"efm_374"	"Thunderific"	"Thunderific thunder part"
410	"0x19A"	"NDAMUSUTOMU_V2x"	"efm_375"		"Thunderific thunder part"
411	"0x19B"	"NDAMUSUTOMU_V3x"	"efm_376"		"Thunderific thunder part"
412	"0x19C"	"IC_BOBOJIGOKUNx"	"efm_372"	"Hellfire"	"Hellfire start casting on staff"
413	"0x19D"	"BOBOJIGOKUN_L1x"	"efm_371"		"Hellfire"
414	"0x19E"	"JIGOKUN_ATTACKx"			
415	"0x19F"	"MASHIRONOVA_L1x"	"efm_340"	"Nova Nova"	"Nova Nova full"
416	"0x1A0"	"IRONOVA_RIPPLEx"	"efm_341"		"Nova Nova Ring around staff"
417	"0x1A1"	"IRONOVA_GROUNDx"	"efm_342"		"Nova Nova ground eruption"
418	"0x1A2"	"MASHIRONOVA_BGx"	"efm_343"		"Nova Nova background"
419	"0x1A3"	"_KIMOISUCHA_L1x"	"efm_344"	"Venomist"	"Venomist"
420	"0x1A4"	"OISUCHA_GROUNDx"	"efm_345"		"Venomist ground eruption"
421	"0x1A5"	"_KIMOISUCHA_BGx"	"efm_346"		"Venomist background"
422	"0x1A6"	"ICEWALL_FREEZEx"	"efm_409"		"Pingrek ice wall start casting (sceptre part)"
423	"0x1A7"	"WALL_FREEZE_L1x"			"Pingrek ice wall"
424	"0x1A8"	"ZE_TRAP_FREEZEx"	"efm_406"		"Pingrek ice wall broken (freeze trap)"
425	"0x1A9"	"_ICEWALL_SLEEPx"	"efm_410"		"Pingrek ice wall sleep"
426	"0x1AA"	"EWALL_SLEEP_L1x"			"Pingrek ice wall sleep"
427	"0x1AB"	"EZE_TRAP_SLEEPx"	"efm_407"		"Pingrek ice wall broken (freeze trap sleep)"
428	"0x1AC"	"ICEWALL_POISONx"	"efm_411"		"Pingrek ice wall poison"
429	"0x1AD"	"WALL_POISON_L1x"			"Pingrek ice wall poison"
430	"0x1AE"	"ZE_TRAP_POISONx"	"efm_408"		"Pingrek ice wall broken (freeze trap poison)"
431	"0x1AF"	"AGIC_MINORHEALx"	"efm_382"	"Pingrek"	"Pingrek heal casting effect"
432	"0x1B0"	"C_MINORHEAL_L1x"	"efm_385"	"Pingrek"	"Pingrek healing effect (No HM)"
433	"0x1B1"	"EFF_MAGIC_CUREx"	"efm_388"		"Pingrek Purity Sceptre casting normalise"
434	"0x1B2"	"_MAGIC_CURE_L1x"	"efm_391"		"Pingrek Purity Sceptre normalising allies"
435	"0x1B3"	"GIC_PROTECTIONx"	"efm_419"		"Pingrek Defence Sceptre casting defend"
436	"0x1B4"	"_PROTECTION_L1x"	"efm_420"		"Pingrek Defence Sceptre defending allies"
437	"0x1B5"	"SPPN_ICECASTLEx"	"efm_402"	"Pingrek Hero"	"Pingrek HM sceptre part"
438	"0x1B6"	"N_ICECASTLE_L1x"			"Pingrek HM castle background"
439	"0x1B7"	"ECASTLE_AURORAx"	"efm_404"	"Pingrek Hero"	"Pingrek HM aurora"
440	"0x1B8"	"CECASTLE_CHECKx"			
441	"0x1B9"	"CECASTLE_SMOKEx"	"efm_403"	"Pingrek Hero"	"Pingrek HM ground light"
442	"0x1BA"	"ICECASTLE_HEALx"	"efm_405"	"Pingrek Hero"	"Pingrek HM heal"
443	"0x1BB"	"CECASTLE_BREAKx"			"White smoke when ice castle is broken"
444	"0x1BC"	"AGIC_FROSTWAVEx"	"efm_412"		"Pingrek attack cast start"
445	"0x1BD"	"C_FROSTWAVE_L1x"	"efm_413"		"Pingrek attack"
446	"0x1BE"	"OSTWAVE_L1_HITx"	"efm_414"		"Pingrek attack hit"
447	"0x1BF"	"AYING_FOR_RAINx"	"efm_422"	"Rain Dance"	"Rain Dance Start effect"
448	"0x1C0"	"_BLOOD_SUCKINGx"	"efm_421"	"Bloodsuck 1"	"Sonarchy bloodsucking"
449	"0x1C1"	"NTIMAGIC_SHELLx"	"efm_373"		"Slogturtle Antimagic (activates sound)"
450	"0x1C2"	"_HERO_GRASS_L1x"			"Grass planting effect, plants actual grass"
451	"0x1C3"	"GRASS_L1_STARTx"	"efm_423"		"Grass growing from ground effect (effect only)"
452	"0x1C4"	"_GATEOFBABYLONx"	"efm_354"	"Oohoroc"	"Jewelsword attack start casting effect"
453	"0x1C5"	"TEOFBABYLON_L1x"			"Jewelsword real attack only"
454	"0x1C6"	"FBABYLON_STARTx"	"efm_353"	"Oohoroc"	"Jewelsword attack Ground and circle effect"
455	"0x1C7"	"EOFBABYLON_SW1x"	"efm_347"	"Oohoroc"	"Jewelsword staff Tatepon’s sword"
456	"0x1C8"	"EOFBABYLON_SW2x"	"efm_348"	"Oohoroc"	"Jewelsword staff Butcher"
457	"0x1C9"	"EOFBABYLON_SW3x"	"efm_349"	"Oohoroc"	"Jewelsword staff Castram"
458	"0x1CA"	"EOFBABYLON_SW4x"	"efm_350"	"Oohoroc"	"Jewelsword staff Fendus"
459	"0x1CB"	"EOFBABYLON_SW5x"	"efm_351"	"Oohoroc"	"Jewelsword staff Drigonlay"
460	"0x1CC"	"EOFBABYLON_SW6x"	"efm_352"	"Oohoroc"	"Jewelsword staff Flangil"
461	"0x1CD"	"FBABYLON_TRACEx"	"efm_415"	"Oohoroc"	"Jwewelsword staff trace"
462	"0x1CE"	"HERO_FIRESWARMx"	"efm_400"	"Buzzcrave"	"Buzz HM ground light effect"
463	"0x1CF"	"O_FIRESWARM_L1x"	"efm_398"	"Buzzcrave"	"Buzz HM fireflies"
464	"0x1D0"	"ESWARM_L1_SHOTx"	"efm_397"	"Buzzcrave"	"Buzz Grubby, 1 firefly + explosion"
465	"0x1D1"	"RESWARM_L1_HITx"	"efm_399"	"Buzzcrave"	"Buzz Grubby, firefly Explosion ONLY"
466	"0x1D2"	"FIRESWARM_MINIx"	"efm_466"		"Buzz Grubby but Crash lol"
467	"0x1D3"	"_TROPICAL_WINDx"	"efm_435"		"Tropical Tailwind Start Effect"
468	"0x1D4"	"RO_JSTY_USONICx"	"efm_394"	"Sonarchy"	"Sonarchy HM"
469	"0x1D5"	"_USONIC_L_SHOTx"	"efm_395"	"Sonarchy"	"Sonarchy HM bg, long white oval"
470	"0x1D6"	"_USONIC_S_SHOTx"	"efm_395"	"Sonarchy"	"Sonarchy HM bg, smaller white oval"
471	"0x1D7"	"_FRIEZETORPEDOx"	"efm_396"	"Naughtyfins"	"Naughtyfins HM"
472	"0x1D8"	"RIEZETORPEDO_Hx"	"efm_401"	"Naughtyfins"	"Naughtyfins HM Blast"
473	"0x1D9"	"XTINCTION_FIREx"			
474	"0x1DA"	"SLEEPEXPLOSIONx"	"efm_460"	"Deep Sleep"	"Slogturtle Sleep Explosion"
475	"0x1DB"	"TORNADO_ATTACKx"	"efm_461"	"Kamaitachi"	"Ravenous CS1 charge attk two tornadoes + burst"
476	"0x1DC"	"ORNADO_ATTACK2x"	"efm_461"		"Ravenous CS1 charge attk tornado only"
477	"0x1DD"	"ORNADO_ATTACKCx"			"Ravenous CS3 charge attk two tornadoes + burst"
478	"0x1DE"	"TORNADO_ATTACKx"		"Twin Kamaitachi"	"Ravenous CS3 charge attk green"
479	"0x1DF"	"ADO_ATTACK_HITx"	"efm_462"		"Ravenous charge attk hit effect (blue yellow)"
480	"0x1E0"	"HERO_INCN_HEALx"	"efm_454"	"Peerless Mermaid"	"P Mermaid healing effect (light from ground)"
481	"0x1E1"	"LF_DESTRUCTIONx"	"efm_483"		
482	"0x1E2"	"DARU_EXPLOSIONx"	"efm_484"	"Heap of junk"	"Heap of junk exploding"
483	"0x1E3"	"FF_BUBLE_SMALLx"	"efm_019"	"Parcheek"	"Parcheek sleep bubble"
484	"0x1E4"	"UBLE_SMALL_HITx"	"efm_019"		"Parcheek bubble hit"
485	"0x1E5"	"EATH_BOSS_U237x"			"Uji Dying"
486	"0x1E6"	"_DEKAPON_QUAKEx"			"Dekapon Tumble (not used)"
487	"0x1E7"	"FF_BREATH_FIREx"	"efm_112"	"Fire Dragon"	"Fire Dragon Breath"
488	"0x1E8"	"EFF_BREATH_ICEx"	"efm_113"	"Ice Dragon"	"Ice Dragon Breath"
489	"0x1E9"	"_BREATH_POISONx"	"efm_114"	"Libera"	"Poison Dragon Breath"
490	"0x1EA"	"TH_POISON_FNRRx"	"efm_115"	"Fenrir"	"Fenrir Poison Breath"
491	"0x1EB"	"L_OF_FIRE_TRNTx"	"efm_116"	"Treant"	"Treant Fire on body"
492	"0x1EC"	"FIRESPARK_TRNTx"	"efm_117"	"Treant"	"Treant Attack"
493	"0x1ED"	"EFF_STONE_MTTIx"	"efm_118"	"Motiti"	"Motiti stone attack"
494	"0x1EE"	"EFF_FIRE_PITKx"	"efm_119"	"Picheek"	"Picheek fire"
495	"0x1EF"	"_FIRE_PITK_HITx"	"efm_119"		"Picheek fire hit"
496	"0x1F0"	"EFF_SOUND_ZBADx"	"efm_120"	"Babatto"	"Babato sonic attack"
497	"0x1F1"	"E_ATTACK_BLASTx"	"efm_132"	"Gargoyle"	"Gargoyle Curse Start round effect"
498	"0x1F2"	"LE_ATTACK_EVILx"	"efm_133"	"Gargoyle"	"Gargoyle Curse"
499	"0x1F3"	"F_DEATH_BREATHx"	"efm_134"	"Death"	"Death Breath Attack"
500	"0x1F4"	"ATH_BREATH_HITx"	"efm_134"		"Death Breath Attack hit"
501	"0x1F5"	"EFF_DEATH_SOULx"	"efm_135"	"Death"	"Death/Reaper taking soul"
502	"0x1F6"	"DEATH_SOUL_HITx"	"efm_135"		"Death/Reaper taking soul hit"
503	"0x1F7"	"ALAMANDER_FIREx"	"efm_136"	"fire salamander"	"Fire Salamander Fire Effect"
504	"0x1F8"	"EFF_SPEEDUPx"	"efm_164"		"Patapon march speed boost effect (jump practice)"
505	"0x1F9"	"NDER_DEAD_FIREx"	"efm_136"		"Exploding Fire Salamander Effect"
506	"0x1FA"	"ANDER_FIRE_HITx"	"efm_136"		"Exploding Fire Salamander Effect"
507	"0x1FB"	"FF_ROCK_IMPACTx"	"efm_196"	"Destrobo/Robo Enemy"	"Robo stone attack blast"
508	"0x1FC"	"DIEYE_IRONBALLx"	"efm_172"	"Mutant Cyclops"	"Mutant Cyclops Throwing Stone"
509	"0x1FD"	"H_THUNDER_FNRRx"	"efm_173"	"Thunder Lion"	"Thunder lion breath"
510	"0x1FE"	"UNDER_FNRR_HITx"	"efm_173"	"Thunder Lion"	"Thunder lion breath hit"
511	"0x1FF"	"_OF_FIRE_TRNT2x"	"efm_174"	"Deth Treant"	"Deth Treant Fire on body"
512	"0x200"	"IRESPARK_TRNT2x"	"efm_175"	"Deth Treant"	"Deth Treant Attack"
513	"0x201"	"_ATTACK_BLAST2x"	"efm_176"	"Elite Gargoyle"	"Elite Gargoyle Curse Start round effect"
514	"0x202"	"E_ATTACK_EVIL2x"	"efm_177"	"Elite Gargoyle"	"Elite Gargoyle Curse"
515	"0x203"	"_DEATH_BREATH2x"	"efm_178"	"Reaper"	"Reaper Breath Attack"
516	"0x204"	"TH_BREATH_HIT2x"	"efm_178"		"Reaper Breath Attack Hit"
517	"0x205"	"ALAMANDER_DARKx"	"efm_179"	"hyumitto"	"Hyumitto Breath"
518	"0x206"	"ANDER_DARK_HITx"	"efm_179"		"Hyumitto Breath hit"
519	"0x207"	"SALAMANDER_ICEx"	"efm_180"	"ice salamander"	"Ice Salamander Ice Effect"
520	"0x208"	"MANDER_ICE_HITx"	"efm_180"		"Ice Salamander Ice Effect hit"
521	"0x209"	"BAR_SHOCKWAVE2x"	"efm_181"	"balrag"	"Barlag shockwave attack"
522	"0x20A"	"EFF_GLM_ICEx"	"efm_182"	"ice golem"	"Ice golem breath"
523	"0x20B"	"EFF_ZGG_BEAMx"	"efm_197"	"Ziggerzank"	"Zuggagang beam attack hit"
524	"0x20C"	"_LIGHTBULLET_Sx"	"efm_486"	"Ziggerzank"	"Zuggagang orb gathering power"
525	"0x20D"	"GG_LIGHTBULLETx"	"efm_486"	"Ziggerzank"	"Zuggagang orb attack"
526	"0x20E"	"_ZGG_EXPLOSIONx"	"efm_487"	"Ziggerzank"	"Zuggagang orb attack blast on hit"
527	"0x20F"	"F_BATTLELINE00x"			
528	"0x210"	"FF_MISSILE_ADDx"			
529	"0x211"	"FF_MISSILE_HITx"	"efm_220"		"Missile enemy base hitting effect"
530	"0x212"	"_MISSILE_BREAKx"	"efm_221"		"Missile breaking effect on mid air"
531	"0x213"	"EFF_AIRDEFENSEx"	"efm_222"		"Black small missile bullet (unused?)"
532	"0x214"	"EFF_ROCK x"	"efm_255"		"Rock Block"
533	"0x215"	"ANDER_DEAD_ICEx"	"efm_180"		"Ice salamander explosion (particles)"
534	"0x216"	"ALAMANDER_DEADx"	"efm_317"	"fire salamander"	"Fire salamander explosion (center part)"
535	"0x217"	"DER_DEAD_FIRE2x"	"efm_318"	"ice salamander"	"Ice salamander explosion (center part)"
536	"0x218"	"F_GLM_ROCK_HITx"	"efm_319"		
537	"0x219"	"FF_GLM_ICE_HITx"	"efm_320"		
538	"0x21A"	"VERSUS2_SWITCHx"	"efm_441"		"VS Missile launch effect, Yellow hit effect"
539	"0x21B"	"EFF_AUTO_RAMx"			
540	"0x21C"	"EFF_UZI_MOVEx"	"efm_463"	"Uji"	"Uji ground effect"
541	"0x21D"	"EFF_UZI_ADVENTx"	"efm_464"	"Uji"	"Uji dust effect"
542	"0x21E"	"EFF_UZI_EATx"	"efm_465"	"Uji"	"Uji Attacking effect"
543	"0x21F"	"EFF_PSICKLEx"			
544	"0x220"	"OW4_GUILLOTINEx"			
545	"0x221"	"_PTCL_P000_004x"		"Giant Mushroom Enemy"	"Giant Mushroom Spore"
546	"0x222"	"EFF_EMDL_034_Nx"	"efm_034"	"Giant Mushroom Enemy"	"Giant Mushroom Rock (throwing attack)"
547	"0x223"	"EFF_EMDL_034x"	"efm_034"	"Giant Mushroom Enemy"	"Giant Mushroom Rock Blast"
548	"0x224"	"MC_1414_ATTACKx"		"Karmen Gate (P2)"	"P2 Karmen gate related"
549	"0x225"	"MC_1413_ATTACKx"		"Karmen Gate (P2)"	"P2 Karmen gate related"
550	"0x226"	"FF_PTCL_030_00x"		"Karmen Gate (P2)"	"P2 Karmen gate related"
551	"0x227"	"EFF_EMDL_060x"	"efm_060"	"Karmen Gate (P2)"	"P2 Karmen gate related"
552	"0x228"	"FF_GIANT_ROCK x"	"efm_111"	"Cyclops"	"Cyclops Throwing Stone"
553	"0x229"	"T_GROUNDIMPACTx"	"efm_143"	"Gigantus"	"Gigantus ground shockwave attack"
554	"0x22A"	"_FOOT_PUSHBACKx"			
555	"0x22B"	"_LIGHTBULLET_Sx"	"efm_144"		
556	"0x22C"	"GU_LIGHTBULLETx"	"efm_144"	"Heap of junk"	"Heap of junk Photoncannon attack"
557	"0x22D"	"ON_LIGHTBULLETx"	"efm_145"	"Heap of junk"	"Heap of junk Photoncannon hit"
558	"0x22E"	"EFF_OGU_BEAMx"	"efm_146"	"Heap of junk"	"Heap of junk Small bullets"
559	"0x22F"	"AR_ASMISSILE_Sx"	"efm_147"		"Superweapon bullet created"
560	"0x230"	"_DAR_ASMISSILEx"	"efm_147"	"Superweapon"	"Superweapon bullet, bullet only"
561	"0x231"	"_FOG_ASMISSILEx"	"efm_148"	"Superweapon"	"Superweapon bullet trace (green)"
562	"0x232"	"SION_ASMISSILEx"	"efm_149"	"Superweapon"	"Superweapon hit effect (orange)"
563	"0x233"	"EFF_DAR_LASERx"	"efm_150"	"Superweapon"	"Superweapon exploding laser attack"
564	"0x234"	"EFF_DAR_FOGx"	"efm_151"	"Superweapon"	"Superweapon launching laser bomb from body (white fog)"
565	"0x235"	"AR_ADHERES_FOGx"	"efm_152"	"Superweapon"	"Superweapon putting laser bomb trace"
566	"0x236"	"_BAR_SHOCKWAVEx"	"efm_137"	"balrog"	"Barlog shockwave attack"
567	"0x237"	"_BAR_SMOKEMEATx"	"efm_138"	"balrog"	"Barlog snapping out from the fork"
568	"0x238"	"EFF_GLM_ROCKx"	"efm_139"	"golem"	"Golem rock attack"
569	"0x239"	"R_BREATH_FIRE1x"	"efm_212"	"dragon puppy"	"Dragon puppy fire breath"
570	"0x23A"	"EATH_FIRE1_HITx"	"efm_212"		"Dragon puppy fire breath hit"
571	"0x23B"	"R_BREATH_FIRE2x"	"efm_212"	"dragon puppy"	"Dragon puppy fire breath 2x"
572	"0x23C"	"EATH_FIRE2_HITx"	"efm_212"		"Dragon puppy fire breath 2x hit"
573	"0x23D"	"R_BREATH_DARK2x"	"efm_179"		"Hyumitto fire breath 2x"
574	"0x23E"	"EATH_DARK2_HITx"	"efm_179"		"Hyumitto fire breath 2x hit"
575	"0x23F"	"EFF_EMDL_076x"	"efm_076"		"Boss Fire"
576	"0x240"	"EFF_EMDL_213x"	"efm_213"		"Boss Bonfire"
577	"0x241"	"EFF_EMDL_077x"	"efm_077"		"Boss Ice"
578	"0x242"	"EFF_EMDL_078x"	"efm_078"	"Minibosses/Bosses"	"Boss ice Defrost"
579	"0x243"	"EFF_EMDL_079x"	"efm_079"		"Multiple suns effect (Stagger? Doze? unused)"
580	"0x244"	"EFF_EMDL_080x"	"efm_080"		"Sleep"
581	"0x245"	"_PTCL_M100_001x"			"Dust effect small (boss walking/moving?)"
582	"0x246"	"_PTCL_M101_001x"			"Dust effect wide 1 (boss walking/moving?)"
583	"0x247"	"_PTCL_M102_001x"			"Dust effect wide 2 (boss walking/moving?)"
584	"0x248"	"_BOSS_FIRE_001x"			
585	"0x249"	"_BOSS_FIRE_BIGx"			
586	"0x24A"	"OSS_POISON_001x"			
587	"0x24B"	"_CHECK_ICEWALLx"			
588	"0x24C"	"_PTCL_M003_002x"			
589	"0x24D"	"_PTCL_M003_003x"			
590	"0x24E"	"FF_PTCL_014_00x"			
591	"0x24F"	"FF_PTCL_014_01x"			
592	"0x250"	"EFF_EMDL_042x"	"efm_042"	"Dodonga Family"	"Dodonga Family Roar"
593	"0x251"	"_DEATH_UNIT201x"		"Dodonga Family"	
594	"0x252"	"EATH_FIRE_DDNGx"	"efm_154"	"Dodonga/Majidonga"	"Dodonga/Majidonga fire breath"
595	"0x253"	"_FIRE_DDNG_HITx"	"efm_154"		"Dodonga/Majidonga fire breath hit"
596	"0x254"	"REATH_ICE_DDNGx"	"efm_165"	"Kacchindonga"	"Kacchindonga ice breath"
597	"0x255"	"H_ICE_DDNG_HITx"	"efm_165"		"Kacchindonga ice breath hit"
598	"0x256"	"REATH_FIRE_KNLx"	"efm_474"	"Zaknel/Dokaknel"	"Zaknel/Dokaknel breath"
599	"0x257"	"H_FIRE_KNL_HITx"	"efm_474"		"Zaknel/Dokaknel breath hit"
600	"0x258"	"_PTCL_M112_001x"			"Fire shooting (flamethrower?)"
601	"0x259"	"FF_PTCL_025_00x"			"Dust effect wide (boss walking/moving?)"
602	"0x25A"	"_PTCL_M105_001x"			"Black smokes wide"
603	"0x25B"	"_PTCL_M106_001x"			"Dust effect very wide"
604	"0x25C"	"_PTCL_M107_001x"			"Black dust effect (zaknel moving)"
605	"0x25D"	"TURE_BOSS_U211x"			
606	"0x25E"	"PTURE_BUBBLE_1x"	"efm_043"	"Ciokina/Cioking"	"Ciokiing Capture Bubble"
607	"0x25F"	"PTURE_BUBBLE_2x"	"efm_043"		"Cioking/Ciokina Bubble Big Popping"
608	"0x260"	"EFF_BUBLEx"	"efm_017"	"Ciokina/Cioking"	"Cioking/Ciokina Bubble"
609	"0x261"	"_BUBLE_FUNCENDx"	"efm_017"		"Cioking/Ciokina Bubble Small Popping"
610	"0x262"	"_PTCL_M116_001x"			"Ciokina/Cioking moving effect"
611	"0x263"	"_PTCL_M103_001x"			"Ciokina/Cioking moving effect"
612	"0x264"	"EFF_BEAMx"	"efm_015"	"Gaeen/Dogaeen"	"Gaeen/Dogaeen Laser"
613	"0x265"	"BEAM_COLLISIONx"			"Gaeen/Dogaeen Laser beam collision"
614	"0x266"	"_ATTACK_TOSS_1x"			
615	"0x267"	"_ATTACK_TOSS_2x"			
616	"0x268"	"_PTCL_M109_001x"			"Gaeen/Dogaeen Moving (PTCL_MXX are move dust efm)"
617	"0x269"	"_PTCL_M104_001x"			"Gaeen/Dogaeen Moving (PTCL_MXX are move dust efm)"
618	"0x26A"	"_PTCL_M111_001x"			"Gaeen/Dogaeen Moving (PTCL_MXX are move dust efm)"
619	"0x26B"	"_PTCL_P000_003x"			"Gaeen/Dogaeen Moving (PTCL_MXX are move dust efm)"
620	"0x26C"	"EFF_EMDL_038x"	"efm_038"	"Mochichichi/Fenicchi"	"Mochichichi/Fenicchi tornado"
621	"0x26D"	"_PTCL_M115_001x"			"Mochichichi moving?! Small dusts"
622	"0x26E"	"_PTCL_M115_002x"			"Mochichichi moving?! Small dusts + pink, unused?"
623	"0x26F"	"FF_PTCL_026_00x"			"Normal small dust + smoke"
624	"0x270"	"TURE_BOSS_U213x"			
625	"0x271"	"_PTCL_M110_001x"			"Mochichichi fart (it’s white by default)"
626	"0x272"	"F_PATAPONS_EYEx"	"efm_020"	"Shookle/Shooshookle"	"Patapon eye from shookle spitting"
627	"0x273"	"_PTCL_M119_001x"		"Goruru/Garuru"	"Goruru something wind effect?"
628	"0x274"	"TURE_BOSS_U222x"			
629	"0x275"	"EFF_EMDL_044x"	"efm_044"	"Goruru/Garuru"	"Goruru/Garuru laser (beast form)"
630	"0x276"	"SH_FROM_HEAVENx"	"efm_018"	"Goruru/Garuru"	"Goruru/Garuru human form thunder kill"
631	"0x277"	"_PTCL_M108_001x"		"Goruru/Garuru"	"Goruru Garuru ball attack gathered (human form)"
632	"0x278"	"_PTCL_M108_002x"			"Goruru/Garuru ball attack dense (human form)"
633	"0x279"	"_PTCL_M108_003x"			"Goruru/Garuru ball attack hit ground (human form)"
634	"0x27A"	"_PTCL_M108_004x"			"Goruru/Garuru ball attack hit target (human form)"
635	"0x27B"	"_PTCL_M113_001x"		"Goruru/Garuru"	"Goruru/Garuru poison throwing (beast form)"
636	"0x27C"	"_PTCL_M113_002x"			"Goruru/Garuru poison blast (beast form)"
637	"0x27D"	"FF_PTCL_019_00x"			"Centura/Darantula Poison"
638	"0x27E"	"FF_PTCL_020_00x"			"Centura/Darantula Dust effect?"
639	"0x27F"	"TURE_BOSS_U228x"			"Centura/Darantula"
640	"0x280"	"FF_PTCL_015_00x"			"Manboth ice breath inhale"
641	"0x281"	"FF_PTCL_015_01x"			"Manboth ice breath exhale"
642	"0x282"	"FF_PTCL_016_00x"			"Manboth Tiny dust effect (Stomp?)"
643	"0x283"	"FF_PTCL_016_01x"			"Manboth Erupting dust effect (Stomp?)"
644	"0x284"	"FF_PTCL_017_00x"			"Manboth snowflake"
645	"0x285"	"FF_PTCL_027_00x"			"Manboth dust effect (stomp?)"
646	"0x286"	"EFF_EMDL_082x"	"efm_082"	"Manboth/Manboroth"	"Manboth big ice around the boss"
647	"0x287"	"EFF_EMDL_083x"	"efm_083"	"Manboth/Manboroth"	"Manboth big ice around the boss"
648	"0x288"	"EFF_EMDL_049_Ax"	"efm_049"	"Manboth/Manboroth"	"Manboth background while being frozen"
649	"0x289"	"FF_PTCL_017_01x"			"Dark Purple shine (is this used?)"
650	"0x28A"	"FF_PTCL_021_00x"			"Manboth One small sparkle (from breath)"
651	"0x28B"	"FF_PTCL_021_01x"			"Stomp dust?"
652	"0x28C"	"EFF_EMDL_045x"	"efm_045"	"Kanogias/Ganodias"	"Kanogias/Ganodias Small bullet from bullet attack"
653	"0x28D"	"FF_PTCL_022_00x"			"Kanogias/Ganodias Bomb Explosion"
654	"0x28E"	"EFF_EMDL_046x"	"efm_046"	"Kanogias/Ganodias"	"Kanogias/Ganodias Bomb"
655	"0x28F"	"FF_PTCL_023_00x"			"Kanogias/Ganodias before cannon ground attk (gathering)"
656	"0x290"	"EFF_EMDL_047x"	"efm_047"	"Kanogias/Ganodias"	"Kanogias/Ganodias Black circle effect small"
657	"0x291"	"EFF_EMDL_048x"	"efm_048"	"Kanogias/Ganodias"	"Kanogias/Ganodias Black circle effect big"
658	"0x292"	"FF_PTCL_024_00x"		"P2 Karmen Gate"	"Ground hitting effect?"
659	"0x293"	"FF_PTCL_043_00x"			"Smoke effect"
660	"0x294"	"EFF_EMDL_049_Bx"	"efm_049"	"Kanogias/Ganodias"	"Kanogias/Ganodias Cannon ground attk Background"
661	"0x295"	"FF_PTCL_038_00x"			"Dettankarmen/Zuttankarmen Sleep breath"
662	"0x296"	"FF_PTCL_039_00x"			"Dettankarmen/Zuttankarmen Dark blue fire"
663	"0x297"	"FF_PTCL_039_01x"			"Dettankarmen/Zuttankarmen Candle (blue fire)"
664	"0x298"	"FF_PTCL_040_00x"			"Dettankarmen/Zuttankarmen Black particle blast"
665	"0x299"	"TURE_BOSS_U232x"			
666	"0x29A"	"EATH_BOSS_U232x"			"Dettankarmen/Zuttankarmen Dying effect"
667	"0x29B"	"EFF_EMDL_081x"	"efm_081"	"DettanKarmen/Zuttankarmen"	
668	"0x29C"	"FF_PTCL_045_00x"			"Pandara black circle and sparkle, Dying?"
669	"0x29D"	"S_SUMMON_DEVILx"	"efm_436"		"Pandara big red circle (changing to chest scene)"
670	"0x29E"	"SBS_EXIT_DEVILx"	"efm_437"		"Pandara bright light (chest broken in chest scene)"
671	"0x29F"	"LSBS_HIT_MOUSEx"			
672	"0x2A0"	"LSBS_HIT_SWORDx"			
673	"0x2A1"	"_LSBS_HIT_CEILx"			
674	"0x2A2"	"_LSBS_SHOT_EYEx"	"efm_155"	"Pandara Human"	"Pandara Eye Attack (human form)"
675	"0x2A3"	"SBS_DAMAGE_BATx"	"efm_156"	"Pandara Human"	"Pandara Bats"
676	"0x2A4"	"SBS_ATTACK_BATx"	"efm_156"	"Pandara Human"	"Pandara Bats before attack"
677	"0x2A5"	"SBS_UNMASK_BATx"	"efm_156"	"Pandara Eye"	"Pandara Bats when changing phase"
678	"0x2A6"	"_LSBS_DEAD_BATx"	"efm_156"		"Pandara Bats when dead"
679	"0x2A7"	"PPEARANCE_BAT1x"	"efm_156"		"Pandara Bats when changing phase"
680	"0x2A8"	"PPEARANCE_BAT2x"	"efm_156"		"Pandara Bats when changing phase"
681	"0x2A9"	"S_START_POISONx"	"efm_166"	"Pandara Eye"	"Pandara Poision Attk start (chest)"
682	"0x2AA"	"BS_SHOT_POISONx"	"efm_157"	"Pandara Chest"	"Pandara Poision Attk (chest)"
683	"0x2AB"	"SBS_HIT_POISONx"	"efm_157"		"Pandara Poision Attk hit (chest)"
684	"0x2AC"	"START_FREEZINGx"	"efm_167"	"Pandara Eye"	"Pandara Ice Attk start (chest)"
685	"0x2AD"	"_SHOT_FREEZINGx"	"efm_158"	"Pandara Chest"	"Pandara Ice Attk (chest)"
686	"0x2AE"	"S_HIT_FREEZINGx"	"efm_158"		"Pandara Ice Attk hit (chest)"
687	"0x2AF"	"ART_ENCHANTINGx"	"efm_168"	"Pandara Eye"	"Pandara Sleep Attk start (chest)"
688	"0x2B0"	"HOT_ENCHANTINGx"	"efm_159"	"Pandara Chest"	"Pandara Sleep Attk (chest)"
689	"0x2B1"	"HIT_ENCHANTINGx"	"efm_159"		"Pandara Sleep Attk hit (chest)"
690	"0x2B2"	"_SHOT_THUNDER1x"	"efm_160"	"Pandara Chest"	"Pandara chest break Scene Thunder"
691	"0x2B3"	"_SHOT_THUNDER2x"	"efm_160"	"Pandara Chest"	"Pandara chest break Scene Thunder 2x"
692	"0x2B4"	"LSBS1_SHOT_EYEx"	"efm_183"	"Pondora Human"	"Pondora Eye Attack (human form)"
693	"0x2B5"	"BS1_DAMAGE_BATx"	"efm_184"	"Pondora Human"	"Pondora Bats"
694	"0x2B6"	"BS1_ATTACK_BATx"	"efm_184"	"Pondora Human"	"Pondora Bats before attack"
695	"0x2B7"	"BS1_UNMASK_BATx"	"efm_184"	"Pondora Eye"	"Pondora Bats when changing phase"
696	"0x2B8"	"LSBS1_DEAD_BATx"	"efm_184"		"Pondora Bats when dead"
697	"0x2B9"	"PPEARANCE_BAT1x"	"efm_184"		"Pondora Bats when changing phase"
698	"0x2BA"	"PPEARANCE_BAT2x"	"efm_184"		"Pondora Bats when changing phase"
699	"0x2BB"	"1_START_POISONx"	"efm_189"	"Pondora Eye"	"Pondora Poision Attk start (chest)"
700	"0x2BC"	"S1_SHOT_POISONx"	"efm_185"	"Pondora Chest"	"Pondora Poision Attk (chest)"
701	"0x2BD"	"BS1_HIT_POISONx"	"efm_185"		"Pondora Poision Attk hit (chest)"
702	"0x2BE"	"START_FREEZINGx"	"efm_190"	"Pondora Eye"	"Pondora Ice Attk start (chest)"
703	"0x2BF"	"_SHOT_FREEZINGx"	"efm_186"	"Pondora Chest"	"Pondora Ice Attk (chest)"
704	"0x2C0"	"1_HIT_FREEZINGx"	"efm_186"		"Pondora Ice Attk hit (chest)"
705	"0x2C1"	"ART_ENCHANTINGx"	"efm_191"	"Pondora Eye"	"Pondora Sleep Attk start (chest)"
706	"0x2C2"	"HOT_ENCHANTINGx"	"efm_187"	"Pondora Chest"	"Pondora Sleep Attk (chest)"
707	"0x2C3"	"HIT_ENCHANTINGx"	"efm_187"		"Pondora Sleep Attk hit (chest)"
708	"0x2C4"	"_SHOT_THUNDER1x"	"efm_188"	"Pondora Chest"	"Pondora chest break Scene Thunder"
709	"0x2C5"	"_SHOT_THUNDER2x"	"efm_188"	"Pondora Chest"	"Pondora chest break Scene Thunder 2x"
710	"0x2C6"	"LSBS2_SHOT_EYEx"	"efm_198"	"Dongora"	"Dongora Eye Attack (human form)"
711	"0x2C7"	"BS2_DAMAGE_BATx"	"efm_199"	"Dongora"	"Dongora Bats"
712	"0x2C8"	"BS2_ATTACK_BATx"	"efm_199"	"Dongora"	"Dongora Bats before attack"
713	"0x2C9"	"BS2_UNMASK_BATx"	"efm_199"	"Dongora Eye"	"Dongora Bats when changing phase"
714	"0x2CA"	"LSBS2_DEAD_BATx"	"efm_199"		"Dongora Bats when dead"
715	"0x2CB"	"PPEARANCE_BAT1x"	"efm_199"		"Dongora Bats when changing phase"
716	"0x2CC"	"PPEARANCE_BAT2x"	"efm_199"		"Dongora Bats when changing phase"
717	"0x2CD"	"2_START_POISONx"	"efm_204"	"Dongora Eye"	"Dongora Poision Attk start (chest)"
718	"0x2CE"	"S2_SHOT_POISONx"	"efm_200"	"Dongora Chest"	"Dongora Poision Attk (chest)"
719	"0x2CF"	"BS2_HIT_POISONx"	"efm_200"		"Dongora Poision Attk hit (chest)"
720	"0x2D0"	"START_FREEZINGx"	"efm_205"	"Dongora Eye"	"Dongora Ice Attk start (chest)"
721	"0x2D1"	"_SHOT_FREEZINGx"	"efm_201"	"Dongora Chest"	"Dongora Ice Attk (chest)"
722	"0x2D2"	"2_HIT_FREEZINGx"	"efm_201"		"Dongora Ice Attk hit (chest)"
723	"0x2D3"	"ART_ENCHANTINGx"	"efm_206"	"Dongora Eye"	"Dongora Sleep Attk start (chest)"
724	"0x2D4"	"HOT_ENCHANTINGx"	"efm_202"	"Dongora Chest"	"Dongora Sleep Attk (chest)"
725	"0x2D5"	"HIT_ENCHANTINGx"	"efm_202"		"Dongora Sleep Attk hit (chest)"
726	"0x2D6"	"_SHOT_THUNDER1x"	"efm_203"	"Dongora Chest"	"Dongora chest break Scene Thunder"
727	"0x2D7"	"_SHOT_THUNDER2x"	"efm_203"	"Dongora Chest"	"Dongora chest break Scene Thunder 2x"
728	"0x2D8"	"T_FLAME_BREATHx"	"efm_169"	"Cosmos Serpent"	"Cosmos Serpent Fire attack"
729	"0x2D9"	"T_FLAME_BREATHx"	"efm_169"		"Cosmos Serpent Fire attack"
730	"0x2DA"	"REEZING_BREATHx"	"efm_170"		
731	"0x2DB"	"REEZING_BREATHx"	"efm_170"		
732	"0x2DC"	"POISON_BREATH x"	"efm_171"		
733	"0x2DD"	"POISON_BREATH x"	"efm_171"		
734	"0x2DE"	"_BROS_HIT_CROWx"			
735	"0x2DF"	"BROS_HIT_BITE1x"			
736	"0x2E0"	"BROS_HIT_BITE2x"			
737	"0x2E1"	"_PTCL_G530_001x"			"Zuttankarmen Meteor"
738	"0x2E2"	"TCL_G530_001_2x"			"Zuttankarmen Meteor"
739	"0x2E3"	"TCL_G530_001_3x"		"Queen Kharma"	"Queen Kharma Meteor"
740	"0x2E4"	"_PTCL_G530_002x"			"Smoke blast"
741	"0x2E5"	"_PTCL_G530_003x"			
742	"0x2E6"	"_PTCL_G530_004x"			"Blue Sparkle"
743	"0x2E7"	"_PTCL_G530_005x"			"Kharma Pink particles drop"
744	"0x2E8"	"_PTCL_G530_006x"			"Kharma Black power gathering (appear)"
745	"0x2E9"	"_PTCL_G530_007x"			"Black smoke rising"
746	"0x2EA"	"AWDERCOLLISIONx"		"Queen Kharma"	
747	"0x2EB"	"EFF_LIGHTNINGx"	"efm_000_040"	"Queen Kharma"	
748	"0x2EC"	"FF_PTCL_032_00x"		"Ormen Karmen"	"Normal fire attk effect"
749	"0x2ED"	"FF_PTCL_033_00x"		"Ormen Karmen"	"Ormen Karmen Pink Thunders (hammer)"
750	"0x2EE"	"EFF_EMDL_065x"	"efm_065"	"Ormen Karmen"	"Ormen Karmen Flame Attack"
751	"0x2EF"	"EFF_EMDL_066x"	"efm_066"	"Ormen Karmen"	"Ormen Karmen Ice Attack"
752	"0x2F0"	"F_OMASK_KNUCLEx"		"Ormen Karmen"	
753	"0x2F1"	"EFF_EMDL_085x"	"efm_085"	"Ormen Karmen"	"Ormen Karmen sleep smoke"
754	"0x2F2"	"EFF_THUNDER_1x"	"BG_thunder01"		"Thunder (weather)"
755	"0x2F3"	"EFF_THUNDER_2x"	"BG_thunder02"		"Thunder (weather)"
756	"0x2F4"	"NDER_COLLISIONx"			
757	"0x2F5"	"FF_STAGE_ICE_1x"			
758	"0x2F6"	"FF_STAGE_ICE_2x"			
759	"0x2F7"	"FF_STAGE_ICE_3x"			
760	"0x2F8"	"FF_STAGE_ICE_4x"			
761	"0x2F9"	"EFF_VS4_GLASERx"	"efm_323"		"Hellgate VS related"
762	"0x2FA"	"EFF_VS4_PANELx"	"efm_324"		"Hellgate VS related"
763	"0x2FB"	"FF_SMOKESCREENx"	"efm_417"		
764	"0x2FC"	"EFF_MARKIDx"	"efm_418"		"Star bubble on hero, multi"
765	"0x2FD"	"EFF_MARKBOMx"	"efm_490"		"Bomb bubble on hero (unused?)"
766	"0x2FE"	"_PTCL_G490_001x"			
767	"0x2FF"	"_PTCL_G490_002x"			
768	"0x300"	"_RAINBOW_LIGHTx"	"efm_084"		
769	"0x301"	"EFF_ENERGYx"	"efm_006"		"Ka-ching"
770	"0x302"	"_ITEM_PHYSICALx"			"Item drop effect background (gravity affects)"
771	"0x303"	"SICAL_NOEFFECTx"			
772	"0x304"	"TEM_NOPHYSICALx"			"Item drop effect background (no physics)"
773	"0x305"	"M_FRICTIONLESSx"			"Item drop effect background (vaporising)"
774	"0x306"	"FF_ITEM_FLOATYx"			"Item drop effect background (floating to top)"
775	"0x307"	"EM_PHYSICAL_QPx"			
776	"0x308"	"AL_NOEFFECT_QPx"			
777	"0x309"	"ROP_ITEM_SPARKx"			
778	"0x30A"	"ITEM_GETEFFECTx"			"Retrieving item"
779	"0x30B"	"EFF_BOX_TREEx"	"efm_425"		"Wooden Chest Background"
780	"0x30C"	"EFF_BOX_IRONx"	"efm_426"		"Iron Chest Background"
781	"0x30D"	"EFF_BOX_GOLDx"	"efm_427"		"Gold Chest Background"
782	"0x30E"	"EFF_BOX_JEWELx"	"efm_428"		"Jewel Chest Background"
783	"0x30F"	"FF_BOX_RAINBOWx"	"efm_491"		
784	"0x310"	"OX_GOLD_EFFECTx"	"efm_429"		"Gold Chest Sparkles"
785	"0x311"	"X_JEWEL_EFFECTx"	"efm_430"		"Jewel Chest Sparkels"
786	"0x312"	"RAINBOW_EFFECTx"	"efm_430"		"Pink Jewel Sparkles"
787	"0x313"	"BOX_TREE_STARTx"	"efm_431"		"Wooden Chest Background Animation"
788	"0x314"	"BOX_IRON_STARTx"	"efm_432"		"Iron Chest Background Animation"
789	"0x315"	"BOX_GOLD_STARTx"	"efm_433"		"Gold Chest Background Animation"
790	"0x316"	"OX_JEWEL_STARTx"	"efm_434"		"Jewel Chest Background Animation"
791	"0x317"	"_RAINBOW_STARTx"	"efm_492"		
792	"0x318"	"FF_HARPOON_001x"	"efm_012"	"Zigoton Tank (P1, P2)"	"Zigozank arrow"
793	"0x319"	"CANNONBALL_001x"	"efm_013"	"Turret"	"Turret bullet (dmg lvl 1)"
794	"0x31A"	"CANNONBALL_002x"	"efm_013"	"Zigoton Tank (P1, P2)"	"Turret bullet (dmg lvl 2)"
795	"0x31B"	"NNONBALL_PRA_1x"	"efm_013"		"Turret bullet"
796	"0x31C"	"NNONBALL_PRA_2x"	"efm_013"		"Turret bullet"
797	"0x31D"	"CANNONBALL_003x"	"efm_013"	"Turret"	"Turret bullet (dmg lvl 3)"
798	"0x31E"	"CANNONBALL_004x"	"efm_013"		"Turret bullet (dmg lvl 4)"
799	"0x31F"	"_SLINGROCK_001x"	"efm_010"	"Catapult"	"Catapult rock"
800	"0x320"	"EFF_EMDL_067x"	"efm_067"	"Snow Cannon"	"Snow cannon bullet"
801	"0x321"	"EFF_EMDL_035x"	"efm_035"		"bullet?"
802	"0x322"	"EFF_EMDL_064x"	"efm_064"		
803	"0x323"	"_PTCL_G350_001x"		"Catapult"	"Catapult breaked smoke"
804	"0x324"	"_PTCL_G350_002x"		"Catapult"	"Catpult breaking (sparkle + smoke)"
805	"0x325"	"_GIMC_FIRE_000x"	"efm_016_000"		"Fire effect, use 1 instead"
806	"0x326"	"GIMC_SFIRE_000x"	"efm_242"		"Big Bonfire effect, use 2 instead"
807	"0x327"	"_GIMC_FIRE_001x"			
808	"0x328"	"GIMC_SFIRE_001x"			
809	"0x329"	"FF_GIMC_POISONx"	"efm_121"		"Poison effect, use 4 instead"
810	"0x32A"	"_PTCL_C020_002x"			
811	"0x32B"	"_PTCL_C020_004x"			"Small dust/smoke effect"
812	"0x32C"	"_PTCL_G052_001x"			
813	"0x32D"	"_PTCL_G000_001x"			"Big dust/smoke effect"
814	"0x32E"	"_PTCL_G000_002x"		"Catapult"	"Catapult, Middle size dust/smoke effect"
815	"0x32F"	"_PTCL_G000_003x"			"Catapult, Middle size dust/smoke effect"
816	"0x330"	"_PTCL_G380_001x"			"Wide dust/smoke effect"
817	"0x331"	"_PTCL_G380_002x"			
818	"0x332"	"_PTCL_G055_001x"			
819	"0x333"	"_PTCL_G056_001x"			
820	"0x334"	"ANNONBALL_HIT1x"	"efm_223"	"Turret"	"Turret hit, big smoke"
821	"0x335"	"ANNONBALL_HIT2x"	"efm_224"	"Turret"	"Turret hit, sparkle + smoke"
822	"0x336"	"ANNONBALL_SHOTx"	"efm_225"	"Turret"	"Turret shot, white circle"
823	"0x337"	"_PTCL_G460_001x"		"Catapult"	"Tiny smoke"
824	"0x338"	"_PTCL_G460_002x"		"Ziggerzank"	"One white smoke effect"
825	"0x339"	"_PTCL_G460_003x"			"Small smoke blast"
826	"0x33A"	"_PTCL_G460_004x"			"Smoke blast white to black"
827	"0x33B"	"FF_PTCL_031_00x"			"Dark brown hard dusts"
828	"0x33C"	"EFF_EMDL_062x"	"efm_062"	"Zuggagang (Karmen P2)"	"Cannonball?"
829	"0x33D"	"EFF_EMDL_063x"	"efm_063"	"Zuggagang (Karmen P2)"	"Zuggagang Karmen sleep Arrow"
830	"0x33E"	"MC_1320_ATTACKx"			
831	"0x33F"	"FF_PTCL_035_00x"			
832	"0x340"	"FF_PTCL_041_00x"			
833	"0x341"	"FF_PTCL_041_01x"			
834	"0x342"	"FF_PTCL_041_02x"			
835	"0x343"	"_PTCL_G480_001x"			"Hoshipon background"
836	"0x344"	"FF_PTCL_042_00x"			"Black Hoshipon background"
837	"0x345"	"EFF_EMDL_070x"	"efm_070"		
838	"0x346"	"EFF_EMDL_072x"	"efm_072"		
839	"0x347"	"EFF_EMDL_073x"	"efm_073"		
840	"0x348"	"FF_PTCL_044_00x"			
841	"0x349"	"EFF_EMDL_074x"	"efm_074"		
842	"0x34A"	"EFF_EMDL_075x"	"efm_075"		
843	"0x34B"	"ightning_Startx"			"Lightning effect (P2 Mahopon)"
844	"0x34C"	"MAHO_Lightningx"			"Lightning effect 2 (P2 Mahopon)"
845	"0x34D"	"FireBall_Startx"			"Fireball start effect (P2 Mahopon)"
846	"0x34E"	"_MAHO_FireBallx"			"Fireball shoot effect (P2 Mahopon)"
847	"0x34F"	"FireBall_BLASTx"			"Fireball effect blast (P2 Mahopon)"
848	"0x350"	"_FireBallChildx"			"Fireball small fire throw (P2 Mahopon)"
849	"0x351"	"ightning_Startx"			"Big Lightning drop (P2 Mahopon)"
850	"0x352"	"ChainLightningx"			"Big Lightning part (P2 Mahopon)"
851	"0x353"	"nLightning_Hitx"			
852	"0x354"	"_Inferno_Startx"			"Drum Staff Scorching (P2 Mahopon)"
853	"0x355"	"F_MAHO_Infernox"			"Drum Staff Scorching big (P2 Mahopon)"
854	"0x356"	"SAND_COLLISIONx"			
855	"0x357"	"AHO_Nova_Startx"			"Gathreing Fire Energy (P2 Mahopon)"
856	"0x358"	"EFF_MAHO_Novax"			"Big Fire Blast (P2 Mahopon)"
857	"0x359"	"Blizzard_Startx"			
858	"0x35A"	"lizzard2_Startx"			
859	"0x35B"	"_MAHO_Blizzardx"			"Ice attack piece (P2 Mahopon)"
860	"0x35C"	"O_Meteor_Startx"			"Oohoroc HM meteor (???)"
861	"0x35D"	"_Meteor2_Startx"			
862	"0x35E"	"FF_MAHO_Meteorx"			"HM meteor drop (P2 Mahopon)"
863	"0x35F"	"MAHO_MeteorHitx"			"HM meteor hit effect (P2 Mahopon)"
864	"0x360"	"_PTCL_M117_001x"			"Small Sparkle + Blast (boss part break?)"
865	"0x361"	"_PTCL_M117_002x"			"Sparkle + Blast (boss part break?)"
866	"0x362"	"_PTCL_M118_001x"			
867	"0x363"	"TCL_G350_001_2x"			"Small sparkle + Blast + Smoke (boss part break?)"
868	"0x364"	"TCL_G350_002_2x"			"Sparkle + Blast + Smoke (boss part break?)"
869	"0x365"	"_PTCL_M108_011x"			
870	"0x366"	"_PTCL_M108_012x"			
871	"0x367"	"_PTCL_M108_014x"			
872	"0x368"	"MMICK_FLAMEGUNx"			"Flamethrower VS Gimmick Fire"
873	"0x369"	"K_HIT_FLAMEGUNx"	"efm_488"		"Flamethrower VS Gimmick Fire Hit"
874	"0x36A"	"IMMICK_HIT_SAWx"			"Saw VS Gimmick Hit"
875	"0x36B"	"K_CANNONBALL_0x"	"efm_013"		"Small cannon ball"
876	"0x36C"	"NBALLIMPACT_00x"		"Canno/Hiss Cannon"	"Cannon hitting effect"
877	"0x36D"	"NBALLIMPACT_01x"	"efm_110"	"Canno/Hiss Cannon"	"HM Cannon fire blast (red~yellow) circle"
878	"0x36E"	"MMON_ATTACK_AXx"	"efm_097"		
879	"0x36F"	"ATTACK_JAVELINx"	"efm_098"		
880	"0x370"	"N_FINISH_SMALLx"	"efm_102"		
881	"0x371"	"MON_FINISH_BIGx"	"efm_103"		
882	"0x372"	"_FINISH_SSMALLx"	"efm_102"		
883	"0x373"	"ON_FINISH_SBIGx"	"efm_103"		
884	"0x374"	"MON_FYARI_JAV1x"	"efm_444"	"Yarigami"	"Yarigami Arrow shoot low"
885	"0x375"	"MON_FYARI_JAV2x"	"efm_444"	"Yarigami"	"Yarigami Arrow shoot high"
886	"0x376"	"MON_FYARI_BST1x"	"efm_445"	"Yarigami"	"Yarigami Blasting (Big, on ground)"
887	"0x377"	"MON_FYARI_BST2x"	"efm_446"	"Yarigami"	"Yarigami Blasting (Light blue smoke)"
888	"0x378"	"UMMON_FYARI_STx"	"efm_447"	"Yarigami"	"Yarigami Blasting (Arrow hitting + Smoke)"
889	"0x379"	"N_SORA_THUNDERx"	"efm_448"	"Soragami"	"Soragami Thunder"
890	"0x37A"	"SUMMON_YAMA_STx"	"efm_449"	"Yamagami"	"Yamagami Smoke from volcano"
891	"0x37B"	"MMON_YAMA_ROCKx"	"efm_450"	"Yamagami"	"Yamagami Rock Meteor"
892	"0x37C"	"UMMON_YAMA_BSTx"	"efm_451"	"Yamagami"	"Yamagami Rock Meteor Ground Hit"
893	"0x37D"	"MMON_TATE_MOVEx"	"efm_452"	"Tategami"	"Tategami Dust during moving forward"
894	"0x37E"	"ON_TATE_EFFECTx"	"efm_453"	"Tategami"	"Tategami Moving dynamics (wind-like) effect"
895	"0x37F"	"UMMON_TATE_HITx"		"Tategami"	"Tategami hitting effect? (broken?)"
896	"0x380"	"MON_YAMA_QUAKEx"		"Yamagami/Canna?"	"Shakes Camera"
897	"0x381"	"ON_YAMA_GROUNDx"	"efm_476"	"Yamagami/Canna?"	"Yamagami Red gradient on ground"
898	"0x382"	"N_YAMA_GROUND2x"	"efm_476"	"Yamagami/Canna?"	"Yamagami Red gradient on ground (Thicker)"
899	"0x383"	"ON_FSYARI_JAV1x"	"efm_477"	"Yarigami"	"Yarigami Blast on Ground"
900	"0x384"	"ON_FSYARI_JAV2x"	"efm_477"	"Yarigami"	"Yarigami Small Blast on Ground"
901	"0x385"	"MMON_FSYARI_STx"	"efm_478"	"Super Yarigami"	"Super Yarigami Blasting (Arrow hitting + Smoke)"
